<?xml version="1.0" encoding="utf-8"?>
<extension type="component" version="1.0.0" group="content">
    <name>Bablic</name>
    <author>Ishai Jaffe</author>
    <creationDate>April 2014</creationDate>
    <copyright>Copyright (C) 2012 Bablic. All rights reserved.</copyright>
    <license>http://www.gnu.org/licenses/gpl-2.0.html GNU/GPL</license>
    <authorEmail>ishai@bablic.com</authorEmail>
    <authorUrl>https://www.bablic.com/</authorUrl>
    <version>1.0.0</version>
    <description>This plugin puts Bablic snippet code in your site, a fully automated localization engine, with translation memory system, and professional translators integration.</description>
    <administration>
        <menu link='index.php?option=com_bablic'>Bablic</menu>
        <files folder="admin">
            <filename>index.html</filename>
            <filename>bablic.php</filename>
        </files>
        <files>
            <folder>models</folder>
        </files>
    </administration>
    <files folder="site">
        <filename>index.html</filename>
        <filename>bablic.php</filename>
    </files>
</extension>
