<?xml version="1.0" encoding="utf-8"?>
<extension type="plugin" version="1.0.0" group="system">
	<name>Bablic Localization</name>
	<author>Ishai Jaffe</author>
	<creationDate>April 2016</creationDate>
	<copyright>Copyright (C) 2012 Bablic. All rights reserved.</copyright>
	<license>http://www.gnu.org/licenses/gpl-2.0.html GNU/GPL</license>
	<authorEmail>ishai@bablic.com</authorEmail>
	<authorUrl>https://www.bablic.com/</authorUrl>
	<version>1.0.1</version>
	<description>Bablic helps you translate your Joomla website with ease and style.</description>
	<files>
		<filename plugin="bablic">bablic.php</filename>
	</files>
</extension>
